Cohort,Model,Validation_budget,Hours,Events,Matches,Detections,Recall,Precision_proxy,Candidates_per_day
continuous_week,Single-station STA/LTA,24,168.0,7,5,71,0.7142857142857143,0.07042253521126761,10.142857142857142
continuous_week,Standard multi-station trigger,24,168.0,7,5,80,0.7142857142857143,0.0625,11.428571428571427
continuous_week,Travel-time-constrained association,24,168.0,7,6,157,0.8571428571428571,0.03821656050955414,22.42857142857143
event_cohort,Single-station STA/LTA,24,19.0,19,14,34,0.7368421052631579,0.4117647058823529,42.94736842105263
event_cohort,Standard multi-station trigger,24,19.0,19,13,32,0.6842105263157895,0.40625,40.421052631578945
event_cohort,Travel-time-constrained association,24,19.0,19,15,30,0.7894736842105263,0.5,37.89473684210526
continuous_week,Single-station STA/LTA,48,168.0,7,4,202,0.5714285714285714,0.019801980198019802,28.857142857142854
continuous_week,Standard multi-station trigger,48,168.0,7,5,230,0.7142857142857143,0.021739130434782608,32.85714285714286
continuous_week,Travel-time-constrained association,48,168.0,7,6,157,0.8571428571428571,0.03821656050955414,22.42857142857143
event_cohort,Single-station STA/LTA,48,19.0,19,13,36,0.6842105263157895,0.3611111111111111,45.473684210526315
event_cohort,Standard multi-station trigger,48,19.0,19,16,50,0.8421052631578947,0.32,63.15789473684211
event_cohort,Travel-time-constrained association,48,19.0,19,15,30,0.7894736842105263,0.5,37.89473684210526
continuous_week,Single-station STA/LTA,96,168.0,7,6,871,0.8571428571428571,0.006888633754305396,124.42857142857142
continuous_week,Standard multi-station trigger,96,168.0,7,7,702,1.0,0.009971509971509971,100.28571428571429
continuous_week,Travel-time-constrained association,96,168.0,7,7,407,1.0,0.0171990171990172,58.14285714285714
event_cohort,Single-station STA/LTA,96,19.0,19,14,102,0.7368421052631579,0.13725490196078433,128.8421052631579
event_cohort,Standard multi-station trigger,96,19.0,19,16,98,0.8421052631578947,0.16326530612244897,123.78947368421052
event_cohort,Travel-time-constrained association,96,19.0,19,15,51,0.7894736842105263,0.29411764705882354,64.42105263157895
